Course,Institute,Fees,Placement Rate,Rating,Duration,course_score
Q Spiders,J Spiders,35000,0.8,4,3,0.16216216216216217
Full Stack Java Development,The Kiran Academy,30000,0.9,5,6,0.7027027027027026
Cloud Computing Course,ACTE,35000,1,4,3,0.5621621621621622
Cloud Computing Course,360DigiTMG,40000,0.8,4.9,4,0.3916216216216217
Full Stack Developer Course,NxtWave,55000,0.95,4,6,0.2999999999999999
Full Stack Java Development,Seven Mentors,18000,1,4.8,5,0.94
Data Science Certification Program,Technogeeks,45000,0.9,4.8,3,0.5210810810810811
Advanced Java Programming Course,Seed Infotech,25000,0.8,4.3,4,0.33324324324324317
